dataset,template,concept_type,concept_primary,concept_tags,concept_confidence_mean,concept_source_mode,bucket_size,label_coverage,one_shot_status,global_one_shot_acc,global_one_shot_macro_f1,global_one_shot_status,global_label_coverage,zero_shot_acc,zero_shot_macro_f1,one_shot_acc,one_shot_macro_f1
snli_dev_holdout,base,negation,negation,negation|action|count,0.7429653673730513,rule,22,3,ok,0.43420174717903137,0.4296712138814865,ok,3,0.5454545617103577,0.4142857139071428,0.6315789222717285,0.4399999996408
snli_dev_holdout,base,count,count,count|spatial|action,0.8896365715408528,rule,66,3,ok,0.43420174717903137,0.4296712138814865,ok,3,0.43939393758773804,0.4202809764073112,0.3174603283405304,0.28999674129152075
snli_dev_holdout,base,spatial,spatial,spatial|action|count,0.8822976664919461,rule,70,3,ok,0.43420174717903137,0.4296712138814865,ok,3,0.30000001192092896,0.30254317241823586,0.34328359365463257,0.3403950122920698
snli_dev_holdout,base,action,action,action|count|spatial,0.9184287057183373,rule,1001,3,ok,0.43420174717903137,0.4296712138814865,ok,3,0.4535464644432068,0.4360487218215801,0.4078156352043152,0.379165165246755
snli_dev_holdout,base,object_or_attribute,object_or_attribute,object_or_attribute,0.9999999989999999,rule,341,3,ok,0.43420174717903137,0.4296712138814865,ok,3,0.4046920835971832,0.401540917367286,0.3786982297897339,0.35632733072149964
snli_dev_holdout,low_specificity,negation,negation,negation|action|count,0.7429653673730513,rule,22,3,ok,0.39345356822013855,0.3474501815900887,ok,3,0.13636364042758942,0.14537037004895317,0.05263157933950424,0.035087719261311164
snli_dev_holdout,low_specificity,count,count,count|spatial|action,0.8896365715408528,rule,66,3,ok,0.39345356822013855,0.3474501815900887,ok,3,0.5909090638160706,0.4768091163217912,0.60317462682724,0.5420888049821991
snli_dev_holdout,low_specificity,spatial,spatial,spatial|action|count,0.8822976664919461,rule,70,3,ok,0.39345356822013855,0.3474501815900887,ok,3,0.48571428656578064,0.3797508076409481,0.49253731966018677,0.38526968475451184
snli_dev_holdout,low_specificity,action,action,action|count|spatial,0.9184287057183373,rule,1001,3,ok,0.39345356822013855,0.3474501815900887,ok,3,0.39660340547561646,0.3585923865528932,0.4018036127090454,0.34469880445051776
snli_dev_holdout,low_specificity,object_or_attribute,object_or_attribute,object_or_attribute,0.9999999989999999,rule,341,3,ok,0.39345356822013855,0.3474501815900887,ok,3,0.3812316656112671,0.34118070768363756,0.30177515745162964,0.24831482524330817
snli_dev_holdout,high_specificity,negation,negation,negation|action|count,0.7429653673730513,rule,22,3,ok,0.30260521173477173,0.2923600487860713,ok,3,0.27272728085517883,0.2545454542155372,0.10526315867900848,0.11574074053186086
snli_dev_holdout,high_specificity,count,count,count|spatial|action,0.8896365715408528,rule,66,3,ok,0.30260521173477173,0.2923600487860713,ok,3,0.5909090638160706,0.5301077453468814,0.4920634925365448,0.36980329579549515
snli_dev_holdout,high_specificity,spatial,spatial,spatial|action|count,0.8822976664919461,rule,70,3,ok,0.30260521173477173,0.2923600487860713,ok,3,0.48571428656578064,0.3922325097791299,0.16417910158634186,0.11956181518585651
snli_dev_holdout,high_specificity,action,action,action|count|spatial,0.9184287057183373,rule,1001,3,ok,0.30260521173477173,0.2923600487860713,ok,3,0.4035964012145996,0.38450299152841955,0.3527054190635681,0.265425106103592
snli_dev_holdout,high_specificity,object_or_attribute,object_or_attribute,object_or_attribute,0.9999999989999999,rule,341,3,ok,0.30260521173477173,0.2923600487860713,ok,3,0.3372434079647064,0.3085269917609972,0.3136094808578491,0.24044555102102513
snli_dev_holdout,concept_framing,negation,negation,negation|action|count,0.7429653673730513,rule,22,3,ok,0.37074148654937744,0.3625975000878569,ok,3,0.3636363744735718,0.23344556643985684,0.3684210479259491,0.42857142800491294
snli_dev_holdout,concept_framing,count,count,count|spatial|action,0.8896365715408528,rule,66,3,ok,0.37074148654937744,0.3625975000878569,ok,3,0.5,0.47008546958733327,0.5079365372657776,0.48250930305594614
snli_dev_holdout,concept_framing,spatial,spatial,spatial|action|count,0.8822976664919461,rule,70,3,ok,0.37074148654937744,0.3625975000878569,ok,3,0.3142857253551483,0.27244193299782987,0.41791045665740967,0.331917595239776
snli_dev_holdout,concept_framing,action,action,action|count|spatial,0.9184287057183373,rule,1001,3,ok,0.37074148654937744,0.3625975000878569,ok,3,0.42457541823387146,0.39877695651082795,0.43787574768066406,0.41569100128510245
snli_dev_holdout,concept_framing,object_or_attribute,object_or_attribute,object_or_attribute,0.9999999989999999,rule,341,3,ok,0.37074148654937744,0.3625975000878569,ok,3,0.4222874045372009,0.3842009052913962,0.32248520851135254,0.27240261113645103
snli_dev_holdout,negation_explicit,negation,negation,negation|action|count,0.7429653673730513,rule,22,3,ok,0.4094856381416321,0.4043645267958024,ok,3,0.27272728085517883,0.21296296262217077,0.42105263471603394,0.24999999969328704
snli_dev_holdout,negation_explicit,count,count,count|spatial|action,0.8896365715408528,rule,66,3,ok,0.4094856381416321,0.4043645267958024,ok,3,0.6060606241226196,0.5544576446058282,0.4126984179019928,0.4020531397176768
snli_dev_holdout,negation_explicit,spatial,spatial,spatial|action|count,0.8822976664919461,rule,70,3,ok,0.4094856381416321,0.4043645267958024,ok,3,0.4571428596973419,0.39933166198019504,0.5223880410194397,0.3267540828312537
snli_dev_holdout,negation_explicit,action,action,action|count|spatial,0.9184287057183373,rule,1001,3,ok,0.4094856381416321,0.4043645267958024,ok,3,0.41558441519737244,0.40908839791388313,0.36873748898506165,0.30266281746038615
snli_dev_holdout,negation_explicit,object_or_attribute,object_or_attribute,object_or_attribute,0.9999999989999999,rule,341,3,ok,0.4094856381416321,0.4043645267958024,ok,3,0.35777124762535095,0.3517251592706305,0.38165679574012756,0.19495708951337828
snli_test_holdout,base,negation,negation,negation|action|count,0.7224310771433755,rule,19,3,ok,0.3627254366874695,0.3045159903823315,ok,3,0.5789473652839661,0.5079365073443168,0.375,0.24210526286430287
snli_test_holdout,base,count,count,count|action|spatial,0.956593404881178,rule,65,3,ok,0.3627254366874695,0.3045159903823315,ok,3,0.4153846204280853,0.4214007235716979,0.4677419364452362,0.4587079582276619
snli_test_holdout,base,spatial,spatial,spatial|action|count,0.8917674389047904,rule,72,3,ok,0.3627254366874695,0.3045159903823315,ok,3,0.4166666567325592,0.3993440713784966,0.47826087474823,0.43386047446095644
snli_test_holdout,base,action,action,action|count|spatial,0.9082951542332044,rule,986,3,ok,0.3627254366874695,0.3045159903823315,ok,3,0.4350912868976593,0.4237408498552639,0.3509664237499237,0.29452866109392734
snli_test_holdout,base,object_or_attribute,object_or_attribute,object_or_attribute,0.9999999989999998,rule,358,3,ok,0.3627254366874695,0.3045159903823315,ok,3,0.3966480493545532,0.3972422883400207,0.4084506928920746,0.3283859281947518
snli_test_holdout,low_specificity,negation,negation,negation|action|count,0.7224310771433755,rule,19,3,ok,0.3059452176094055,0.24342537888702756,ok,3,0.3684210479259491,0.39444444400894674,0.25,0.19444444419791665
snli_test_holdout,low_specificity,count,count,count|action|spatial,0.956593404881178,rule,65,3,ok,0.3059452176094055,0.24342537888702756,ok,3,0.446153849363327,0.41151452560068713,0.4193548262119293,0.3098039212666955
snli_test_holdout,low_specificity,spatial,spatial,spatial|action|count,0.8917674389047904,rule,72,3,ok,0.3059452176094055,0.24342537888702756,ok,3,0.5972222089767456,0.4604065089966865,0.21739129722118378,0.1380734355409786
snli_test_holdout,low_specificity,action,action,action|count|spatial,0.9082951542332044,rule,986,3,ok,0.3059452176094055,0.24342537888702756,ok,3,0.4066937267780304,0.37575997393198285,0.4059002995491028,0.4054860211930699
snli_test_holdout,low_specificity,object_or_attribute,object_or_attribute,object_or_attribute,0.9999999989999998,rule,358,3,ok,0.3059452176094055,0.24342537888702756,ok,3,0.40502792596817017,0.34058704680218016,0.25915491580963135,0.20458429312809798
snli_test_holdout,high_specificity,negation,negation,negation|action|count,0.7224310771433755,rule,19,3,ok,0.328657329082489,0.23532695284233476,ok,3,0.3684210479259491,0.40811965767602576,0.4375,0.20289855054064268
snli_test_holdout,high_specificity,count,count,count|action|spatial,0.956593404881178,rule,65,3,ok,0.328657329082489,0.23532695284233476,ok,3,0.3692307770252228,0.3355839557606653,0.4516128897666931,0.3855950808496942
snli_test_holdout,high_specificity,spatial,spatial,spatial|action|count,0.8917674389047904,rule,72,3,ok,0.328657329082489,0.23532695284233476,ok,3,0.5555555820465088,0.41547035729694115,0.4492753744125366,0.4098041284880292
snli_test_holdout,high_specificity,action,action,action|count|spatial,0.9082951542332044,rule,986,3,ok,0.328657329082489,0.23532695284233476,ok,3,0.3904665410518646,0.37214099976897025,0.3997965455055237,0.3851056975274054
snli_test_holdout,high_specificity,object_or_attribute,object_or_attribute,object_or_attribute,0.9999999989999998,rule,358,3,ok,0.328657329082489,0.23532695284233476,ok,3,0.40502792596817017,0.35471516426436134,0.3408450782299042,0.3065112317768853
snli_test_holdout,concept_framing,negation,negation,negation|action|count,0.7224310771433755,rule,19,3,ok,0.3593854308128357,0.34175749251971116,ok,3,0.4736842215061188,0.3443223440049734,0.5,0.36666666632
snli_test_holdout,concept_framing,count,count,count|action|spatial,0.956593404881178,rule,65,3,ok,0.3593854308128357,0.34175749251971116,ok,3,0.4307692348957062,0.4104103283624063,0.4677419364452362,0.35747342054755965
snli_test_holdout,concept_framing,spatial,spatial,spatial|action|count,0.8917674389047904,rule,72,3,ok,0.3593854308128357,0.34175749251971116,ok,3,0.4444444477558136,0.42368082320048805,0.36231884360313416,0.38148148106557606
snli_test_holdout,concept_framing,action,action,action|count|spatial,0.9082951542332044,rule,986,3,ok,0.3593854308128357,0.34175749251971116,ok,3,0.4148072898387909,0.3941095246956137,0.41912513971328735,0.40807421052754367
snli_test_holdout,concept_framing,object_or_attribute,object_or_attribute,object_or_attribute,0.9999999989999998,rule,358,3,ok,0.3593854308128357,0.34175749251971116,ok,3,0.416201114654541,0.382988774753191,0.2985915541648865,0.2582078638406111
snli_test_holdout,negation_explicit,negation,negation,negation|action|count,0.7224310771433755,rule,19,3,ok,0.3533734083175659,0.3013947117234039,ok,3,0.21052631735801697,0.17663817636207904,0.625,0.2564102562248521
snli_test_holdout,negation_explicit,count,count,count|action|spatial,0.956593404881178,rule,65,3,ok,0.3533734083175659,0.3013947117234039,ok,3,0.4615384638309479,0.44327485328949595,0.27419355511665344,0.1793103446471472
snli_test_holdout,negation_explicit,spatial,spatial,spatial|action|count,0.8917674389047904,rule,72,3,ok,0.3533734083175659,0.3013947117234039,ok,3,0.5416666865348816,0.41107041055213095,0.21739129722118378,0.21637426874805496
snli_test_holdout,negation_explicit,action,action,action|count|spatial,0.9082951542332044,rule,986,3,ok,0.3533734083175659,0.3013947117234039,ok,3,0.3985801339149475,0.3916146033038477,0.3621566593647003,0.3154277835032236
snli_test_holdout,negation_explicit,object_or_attribute,object_or_attribute,object_or_attribute,0.9999999989999998,rule,358,3,ok,0.3533734083175659,0.3013947117234039,ok,3,0.38268157839775085,0.3590728710795323,0.31830987334251404,0.3009469006816898
synth_identity_entail,base,negation,negation,negation|action|count,0.6354166662625867,rule,4,1,insufficient_class_coverage,,,insufficient_class_coverage,1,0.0,0.0,,
synth_identity_entail,base,count,count,count|action|spatial,0.8480504652883405,rule,71,1,insufficient_class_coverage,,,insufficient_class_coverage,1,0.11267605423927307,0.06751054846082356,,
synth_identity_entail,base,spatial,spatial,spatial|action|count,0.747690604850101,rule,116,1,insufficient_class_coverage,,,insufficient_class_coverage,1,0.08620689809322357,0.05291005286050222,,
synth_identity_entail,base,action,action,action|count|spatial,0.8600838740871796,rule,1169,1,insufficient_class_coverage,,,insufficient_class_coverage,1,0.1000855416059494,0.060653188125175034,,
synth_identity_entail,base,object_or_attribute,object_or_attribute,object_or_attribute,0.9999999989999998,rule,140,1,insufficient_class_coverage,,,insufficient_class_coverage,1,0.1071428582072258,0.06451612897315297,,
synth_identity_entail,low_specificity,negation,negation,negation|action|count,0.6354166662625867,rule,4,1,insufficient_class_coverage,,,insufficient_class_coverage,1,0.0,0.0,,
synth_identity_entail,low_specificity,count,count,count|action|spatial,0.8480504652883405,rule,71,1,insufficient_class_coverage,,,insufficient_class_coverage,1,0.26760563254356384,0.14074074062658434,,
synth_identity_entail,low_specificity,spatial,spatial,spatial|action|count,0.747690604850101,rule,116,1,insufficient_class_coverage,,,insufficient_class_coverage,1,0.2844827473163605,0.1476510065944777,,
synth_identity_entail,low_specificity,action,action,action|count|spatial,0.8600838740871796,rule,1169,1,insufficient_class_coverage,,,insufficient_class_coverage,1,0.3216424286365509,0.16224379707228426,,
synth_identity_entail,low_specificity,object_or_attribute,object_or_attribute,object_or_attribute,0.9999999989999998,rule,140,1,insufficient_class_coverage,,,insufficient_class_coverage,1,0.4642857015132904,0.2113821136747174,,
synth_identity_entail,high_specificity,negation,negation,negation|action|count,0.6354166662625867,rule,4,1,insufficient_class_coverage,,,insufficient_class_coverage,1,0.5,0.22222222199999997,,
synth_identity_entail,high_specificity,count,count,count|action|spatial,0.8480504652883405,rule,71,1,insufficient_class_coverage,,,insufficient_class_coverage,1,0.43661972880363464,0.20261437893995896,,
synth_identity_entail,high_specificity,spatial,spatial,spatial|action|count,0.747690604850101,rule,116,1,insufficient_class_coverage,,,insufficient_class_coverage,1,0.4482758641242981,0.20634920620427058,,
synth_identity_entail,high_specificity,action,action,action|count|spatial,0.8600838740871796,rule,1169,1,insufficient_class_coverage,,,insufficient_class_coverage,1,0.39777588844299316,0.18971848211618092,,
synth_identity_entail,high_specificity,object_or_attribute,object_or_attribute,object_or_attribute,0.9999999989999998,rule,140,1,insufficient_class_coverage,,,insufficient_class_coverage,1,0.44999998807907104,0.20689655157941225,,
synth_identity_entail,concept_framing,negation,negation,negation|action|count,0.6354166662625867,rule,4,1,insufficient_class_coverage,,,insufficient_class_coverage,1,0.0,0.0,,
synth_identity_entail,concept_framing,count,count,count|action|spatial,0.8480504652883405,rule,71,1,insufficient_class_coverage,,,insufficient_class_coverage,1,0.09859155118465424,0.05982905977306596,,
synth_identity_entail,concept_framing,spatial,spatial,spatial|action|count,0.747690604850101,rule,116,1,insufficient_class_coverage,,,insufficient_class_coverage,1,0.06896551698446274,0.043010752647242446,,
synth_identity_entail,concept_framing,action,action,action|count|spatial,0.8600838740871796,rule,1169,1,insufficient_class_coverage,,,insufficient_class_coverage,1,0.058169376105070114,0.03664780379176941,,
synth_identity_entail,concept_framing,object_or_attribute,object_or_attribute,object_or_attribute,0.9999999989999998,rule,140,1,insufficient_class_coverage,,,insufficient_class_coverage,1,0.10000000149011612,0.060606060550177095,,
synth_identity_entail,negation_explicit,negation,negation,negation|action|count,0.6354166662625867,rule,4,1,insufficient_class_coverage,,,insufficient_class_coverage,1,0.0,0.0,,
synth_identity_entail,negation_explicit,count,count,count|action|spatial,0.8480504652883405,rule,71,1,insufficient_class_coverage,,,insufficient_class_coverage,1,0.3239436745643616,0.16312056724920776,,
synth_identity_entail,negation_explicit,spatial,spatial,spatial|action|count,0.747690604850101,rule,116,1,insufficient_class_coverage,,,insufficient_class_coverage,1,0.3448275923728943,0.17094017081087,,
synth_identity_entail,negation_explicit,action,action,action|count|spatial,0.8600838740871796,rule,1169,1,insufficient_class_coverage,,,insufficient_class_coverage,1,0.3763900697231293,0.18230785153502227,,
synth_identity_entail,negation_explicit,object_or_attribute,object_or_attribute,object_or_attribute,0.9999999989999998,rule,140,1,insufficient_class_coverage,,,insufficient_class_coverage,1,0.44999998807907104,0.20689655157941225,,
synth_negation_contradict,base,negation,negation,negation|action|count,0.6434372900637048,rule,887,1,insufficient_class_coverage,,,insufficient_class_coverage,1,0.3833145499229431,0.18473240953744055,,
synth_negation_contradict,base,count,count,negation|count|action,0.43206047982756673,rule,5,1,insufficient_class_coverage,,,insufficient_class_coverage,1,0.0,0.0,,
synth_negation_contradict,base,spatial,spatial,negation|spatial|action,0.4632298652242742,rule,63,1,insufficient_class_coverage,,,insufficient_class_coverage,1,0.4444444477558136,0.20512820498168496,,
synth_negation_contradict,base,action,action,negation|action|count,0.5221669595092469,rule,531,1,insufficient_class_coverage,,,insufficient_class_coverage,1,0.3295668661594391,0.16525023594700888,,
synth_negation_contradict,base,object_or_attribute,object_or_attribute,negation|count|spatial,0.3302408108655682,hybrid_fallback,14,1,insufficient_class_coverage,,,insufficient_class_coverage,1,0.5714285969734192,0.2424242422479339,,
synth_negation_contradict,low_specificity,negation,negation,negation|action|count,0.6434372900637048,rule,887,1,insufficient_class_coverage,,,insufficient_class_coverage,1,0.1567080020904541,0.09031838848574426,,
synth_negation_contradict,low_specificity,count,count,negation|count|action,0.43206047982756673,rule,5,1,insufficient_class_coverage,,,insufficient_class_coverage,1,0.0,0.0,,
synth_negation_contradict,low_specificity,spatial,spatial,negation|spatial|action,0.4632298652242742,rule,63,1,insufficient_class_coverage,,,insufficient_class_coverage,1,0.2222222238779068,0.1212121211097993,,
synth_negation_contradict,low_specificity,action,action,negation|action|count,0.5221669595092469,rule,531,1,insufficient_class_coverage,,,insufficient_class_coverage,1,0.1600753366947174,0.09199134191174559,,
synth_negation_contradict,low_specificity,object_or_attribute,object_or_attribute,negation|count|spatial,0.3302408108655682,hybrid_fallback,14,1,insufficient_class_coverage,,,insufficient_class_coverage,1,0.2142857164144516,0.11764705871280275,,
synth_negation_contradict,high_specificity,negation,negation,negation|action|count,0.6434372900637048,rule,887,1,insufficient_class_coverage,,,insufficient_class_coverage,1,0.28748589754104614,0.14886164611879332,,
synth_negation_contradict,high_specificity,count,count,negation|count|action,0.43206047982756673,rule,5,1,insufficient_class_coverage,,,insufficient_class_coverage,1,0.800000011920929,0.2962962960658436,,
synth_negation_contradict,high_specificity,spatial,spatial,negation|spatial|action,0.4632298652242742,rule,63,1,insufficient_class_coverage,,,insufficient_class_coverage,1,0.2539682686328888,0.1350210969353202,,
synth_negation_contradict,high_specificity,action,action,negation|action|count,0.5221669595092469,rule,531,1,insufficient_class_coverage,,,insufficient_class_coverage,1,0.2636534869670868,0.13909587669030585,,
synth_negation_contradict,high_specificity,object_or_attribute,object_or_attribute,negation|count|spatial,0.3302408108655682,hybrid_fallback,14,1,insufficient_class_coverage,,,insufficient_class_coverage,1,0.2142857164144516,0.11764705871280275,,
synth_negation_contradict,concept_framing,negation,negation,negation|action|count,0.6434372900637048,rule,887,1,insufficient_class_coverage,,,insufficient_class_coverage,1,0.2795941233634949,0.14566813498135187,,
synth_negation_contradict,concept_framing,count,count,negation|count|action,0.43206047982756673,rule,5,1,insufficient_class_coverage,,,insufficient_class_coverage,1,0.0,0.0,,
synth_negation_contradict,concept_framing,spatial,spatial,negation|spatial|action,0.4632298652242742,rule,63,1,insufficient_class_coverage,,,insufficient_class_coverage,1,0.2857142984867096,0.14814814802926382,,
synth_negation_contradict,concept_framing,action,action,negation|action|count,0.5221669595092469,rule,531,1,insufficient_class_coverage,,,insufficient_class_coverage,1,0.21280603110790253,0.11697722557606284,,
synth_negation_contradict,concept_framing,object_or_attribute,object_or_attribute,negation|count|spatial,0.3302408108655682,hybrid_fallback,14,1,insufficient_class_coverage,,,insufficient_class_coverage,1,0.6428571343421936,0.26086956503591685,,
synth_negation_contradict,negation_explicit,negation,negation,negation|action|count,0.6434372900637048,rule,887,1,insufficient_class_coverage,,,insufficient_class_coverage,1,0.3179256021976471,0.1608212145911291,,
synth_negation_contradict,negation_explicit,count,count,negation|count|action,0.43206047982756673,rule,5,1,insufficient_class_coverage,,,insufficient_class_coverage,1,0.4000000059604645,0.19047619028571428,,
synth_negation_contradict,negation_explicit,spatial,spatial,negation|spatial|action,0.4632298652242742,rule,63,1,insufficient_class_coverage,,,insufficient_class_coverage,1,0.4285714328289032,0.19999999985555558,,
synth_negation_contradict,negation_explicit,action,action,negation|action|count,0.5221669595092469,rule,531,1,insufficient_class_coverage,,,insufficient_class_coverage,1,0.3917137384414673,0.18764095611184575,,
synth_negation_contradict,negation_explicit,object_or_attribute,object_or_attribute,negation|count|spatial,0.3302408108655682,hybrid_fallback,14,1,insufficient_class_coverage,,,insufficient_class_coverage,1,0.5,0.22222222205291006,,
synth_mismatch_neutral,base,negation,negation,negation|action|count,0.6354166662625867,rule,4,1,insufficient_class_coverage,,,insufficient_class_coverage,1,1.0,0.3333333330833333,,
synth_mismatch_neutral,base,count,count,count|action|spatial,0.8480504652883407,rule,71,1,insufficient_class_coverage,,,insufficient_class_coverage,1,0.3380281627178192,0.16842105250216066,,
synth_mismatch_neutral,base,spatial,spatial,spatial|action|count,0.747690604850101,rule,116,1,insufficient_class_coverage,,,insufficient_class_coverage,1,0.4051724076271057,0.192229038715646,,
synth_mismatch_neutral,base,action,action,action|count|spatial,0.8600838740871796,rule,1169,1,insufficient_class_coverage,,,insufficient_class_coverage,1,0.39520958065986633,0.18884120158115694,,
synth_mismatch_neutral,base,object_or_attribute,object_or_attribute,object_or_attribute,0.9999999989999998,rule,140,1,insufficient_class_coverage,,,insufficient_class_coverage,1,0.3642857074737549,0.17801047107184562,,
synth_mismatch_neutral,low_specificity,negation,negation,negation|action|count,0.6354166662625867,rule,4,1,insufficient_class_coverage,,,insufficient_class_coverage,1,1.0,0.3333333330833333,,
synth_mismatch_neutral,low_specificity,count,count,count|action|spatial,0.8480504652883407,rule,71,1,insufficient_class_coverage,,,insufficient_class_coverage,1,0.5492957830429077,0.23636363620677683,,
synth_mismatch_neutral,low_specificity,spatial,spatial,spatial|action|count,0.747690604850101,rule,116,1,insufficient_class_coverage,,,insufficient_class_coverage,1,0.48275861144065857,0.21705426341698217,,
synth_mismatch_neutral,low_specificity,action,action,action|count|spatial,0.8600838740871796,rule,1169,1,insufficient_class_coverage,,,insufficient_class_coverage,1,0.5209580659866333,0.2283464565425232,,
synth_mismatch_neutral,low_specificity,object_or_attribute,object_or_attribute,object_or_attribute,0.9999999989999998,rule,140,1,insufficient_class_coverage,,,insufficient_class_coverage,1,0.44999998807907104,0.20689655157941225,,
synth_mismatch_neutral,high_specificity,negation,negation,negation|action|count,0.6354166662625867,rule,4,1,insufficient_class_coverage,,,insufficient_class_coverage,1,0.5,0.22222222199999997,,
synth_mismatch_neutral,high_specificity,count,count,count|action|spatial,0.8480504652883407,rule,71,1,insufficient_class_coverage,,,insufficient_class_coverage,1,0.3380281627178192,0.16842105250216066,,
synth_mismatch_neutral,high_specificity,spatial,spatial,spatial|action|count,0.747690604850101,rule,116,1,insufficient_class_coverage,,,insufficient_class_coverage,1,0.26724138855934143,0.1405895690481435,,
synth_mismatch_neutral,high_specificity,action,action,action|count|spatial,0.8600838740871796,rule,1169,1,insufficient_class_coverage,,,insufficient_class_coverage,1,0.299401193857193,0.15360983091076774,,
synth_mismatch_neutral,high_specificity,object_or_attribute,object_or_attribute,object_or_attribute,0.9999999989999998,rule,140,1,insufficient_class_coverage,,,insufficient_class_coverage,1,0.30000001192092896,0.15384615372612,,
synth_mismatch_neutral,concept_framing,negation,negation,negation|action|count,0.6354166662625867,rule,4,1,insufficient_class_coverage,,,insufficient_class_coverage,1,0.75,0.28571428546938776,,
synth_mismatch_neutral,concept_framing,count,count,count|action|spatial,0.8480504652883407,rule,71,1,insufficient_class_coverage,,,insufficient_class_coverage,1,0.6478873491287231,0.2621082619447244,,
synth_mismatch_neutral,concept_framing,spatial,spatial,spatial|action|count,0.747690604850101,rule,116,1,insufficient_class_coverage,,,insufficient_class_coverage,1,0.6637930870056152,0.26597582021734806,,
synth_mismatch_neutral,concept_framing,action,action,action|count|spatial,0.8600838740871796,rule,1169,1,insufficient_class_coverage,,,insufficient_class_coverage,1,0.6792129874229431,0.2696552893619801,,
synth_mismatch_neutral,concept_framing,object_or_attribute,object_or_attribute,object_or_attribute,0.9999999989999998,rule,140,1,insufficient_class_coverage,,,insufficient_class_coverage,1,0.6785714030265808,0.2695035459364418,,
synth_mismatch_neutral,negation_explicit,negation,negation,negation|action|count,0.6354166662625867,rule,4,1,insufficient_class_coverage,,,insufficient_class_coverage,1,1.0,0.3333333330833333,,
synth_mismatch_neutral,negation_explicit,count,count,count|action|spatial,0.8480504652883407,rule,71,1,insufficient_class_coverage,,,insufficient_class_coverage,1,0.3380281627178192,0.16842105250216066,,
synth_mismatch_neutral,negation_explicit,spatial,spatial,spatial|action|count,0.747690604850101,rule,116,1,insufficient_class_coverage,,,insufficient_class_coverage,1,0.2844827473163605,0.1476510065944777,,
synth_mismatch_neutral,negation_explicit,action,action,action|count|spatial,0.8600838740871796,rule,1169,1,insufficient_class_coverage,,,insufficient_class_coverage,1,0.28143712878227234,0.1464174453684102,,
synth_mismatch_neutral,negation_explicit,object_or_attribute,object_or_attribute,object_or_attribute,0.9999999989999998,rule,140,1,insufficient_class_coverage,,,insufficient_class_coverage,1,0.3285714387893677,0.1648745518454542,,
stress_balanced_concepts,base,negation,negation,negation|action|count,0.7224310771433755,rule,19,3,ok,0.4113060534000397,0.37826395465903756,ok,3,0.5789473652839661,0.5079365073443168,0.5625,0.48412698352928946
stress_balanced_concepts,base,count,count,count|action|spatial,0.9565934048811779,rule,65,3,ok,0.4113060534000397,0.37826395465903756,ok,3,0.4153846204280853,0.4214007235716979,0.5645161271095276,0.5346304825033255
stress_balanced_concepts,base,spatial,spatial,spatial|action|count,0.8917674389047906,rule,72,3,ok,0.4113060534000397,0.37826395465903756,ok,3,0.4166666567325592,0.3993440713784966,0.6231883764266968,0.48769748717349476
stress_balanced_concepts,base,action,action,action|count|spatial,0.893427696249168,rule,180,3,ok,0.4113060534000397,0.37826395465903756,ok,3,0.4055555462837219,0.40440797979604054,0.395480215549469,0.3619001832152719
stress_balanced_concepts,base,object_or_attribute,object_or_attribute,object_or_attribute,0.9999999989999998,rule,180,3,ok,0.4113060534000397,0.37826395465903756,ok,3,0.3777777850627899,0.3610175827599094,0.35593220591545105,0.32170118919358587
stress_balanced_concepts,low_specificity,negation,negation,negation|action|count,0.7224310771433755,rule,19,3,ok,0.39181286096572876,0.3916181355455058,ok,3,0.3684210479259491,0.39444444400894674,0.5,0.34814814782
stress_balanced_concepts,low_specificity,count,count,count|action|spatial,0.9565934048811779,rule,65,3,ok,0.39181286096572876,0.3916181355455058,ok,3,0.446153849363327,0.41151452560068713,0.4354838728904724,0.42316784818540115
stress_balanced_concepts,low_specificity,spatial,spatial,spatial|action|count,0.8917674389047906,rule,72,3,ok,0.39181286096572876,0.3916181355455058,ok,3,0.5972222089767456,0.4604065089966865,0.28985506296157837,0.2664141409625182
stress_balanced_concepts,low_specificity,action,action,action|count|spatial,0.893427696249168,rule,180,3,ok,0.39181286096572876,0.3916181355455058,ok,3,0.4444444477558136,0.37924487722556965,0.29378530383110046,0.19095780516318972
stress_balanced_concepts,low_specificity,object_or_attribute,object_or_attribute,object_or_attribute,0.9999999989999998,rule,180,3,ok,0.39181286096572876,0.3916181355455058,ok,3,0.3499999940395355,0.3164444440100572,0.32768362760543823,0.19240473474667596
stress_balanced_concepts,high_specificity,negation,negation,negation|action|count,0.7224310771433755,rule,19,3,ok,0.376218318939209,0.27377280107207036,ok,3,0.3684210479259491,0.40811965767602576,0.125,0.09523809514285712
stress_balanced_concepts,high_specificity,count,count,count|action|spatial,0.9565934048811779,rule,65,3,ok,0.376218318939209,0.27377280107207036,ok,3,0.3692307770252228,0.3355839557606653,0.27419355511665344,0.20208333304910156
stress_balanced_concepts,high_specificity,spatial,spatial,spatial|action|count,0.8917674389047906,rule,72,3,ok,0.376218318939209,0.27377280107207036,ok,3,0.5555555820465088,0.41547035729694115,0.5072463750839233,0.38850038806993065
stress_balanced_concepts,high_specificity,action,action,action|count|spatial,0.893427696249168,rule,180,3,ok,0.376218318939209,0.27377280107207036,ok,3,0.4055555462837219,0.3558331260899352,0.41807910799980164,0.3809355013530041
stress_balanced_concepts,high_specificity,object_or_attribute,object_or_attribute,object_or_attribute,0.9999999989999998,rule,180,3,ok,0.376218318939209,0.27377280107207036,ok,3,0.35555556416511536,0.33275261277831597,0.3615819215774536,0.28678025156172454
stress_balanced_concepts,concept_framing,negation,negation,negation|action|count,0.7224310771433755,rule,19,3,ok,0.38791424036026,0.3729901044757251,ok,3,0.4736842215061188,0.3443223440049734,0.5,0.35867446361218835
stress_balanced_concepts,concept_framing,count,count,count|action|spatial,0.9565934048811779,rule,65,3,ok,0.38791424036026,0.3729901044757251,ok,3,0.4307692348957062,0.4104103283624063,0.4032258093357086,0.3986835470324186
stress_balanced_concepts,concept_framing,spatial,spatial,spatial|action|count,0.8917674389047906,rule,72,3,ok,0.38791424036026,0.3729901044757251,ok,3,0.4444444477558136,0.42368082320048805,0.260869562625885,0.24936544898993698
stress_balanced_concepts,concept_framing,action,action,action|count|spatial,0.893427696249168,rule,180,3,ok,0.38791424036026,0.3729901044757251,ok,3,0.4055555462837219,0.3740988830970055,0.3615819215774536,0.2425314214871753
stress_balanced_concepts,concept_framing,object_or_attribute,object_or_attribute,object_or_attribute,0.9999999989999998,rule,180,3,ok,0.38791424036026,0.3729901044757251,ok,3,0.39444443583488464,0.3646925952230342,0.35593220591545105,0.3499455332740537
stress_balanced_concepts,negation_explicit,negation,negation,negation|action|count,0.7224310771433755,rule,19,3,ok,0.3820662796497345,0.3320676412499109,ok,3,0.21052631735801697,0.17663817636207904,0.5625,0.23999999981439998
stress_balanced_concepts,negation_explicit,count,count,count|action|spatial,0.9565934048811779,rule,65,3,ok,0.3820662796497345,0.3320676412499109,ok,3,0.4615384638309479,0.44327485328949595,0.4677419364452362,0.442517920711006
stress_balanced_concepts,negation_explicit,spatial,spatial,spatial|action|count,0.8917674389047906,rule,72,3,ok,0.3820662796497345,0.3320676412499109,ok,3,0.5416666865348816,0.41107041055213095,0.5942028760910034,0.42352353188397157
stress_balanced_concepts,negation_explicit,action,action,action|count|spatial,0.893427696249168,rule,180,3,ok,0.3820662796497345,0.3320676412499109,ok,3,0.4000000059604645,0.37815827727128143,0.3163841664791107,0.25761124319339906
stress_balanced_concepts,negation_explicit,object_or_attribute,object_or_attribute,object_or_attribute,0.9999999989999998,rule,180,3,ok,0.3820662796497345,0.3320676412499109,ok,3,0.3333333432674408,0.3271956443497368,0.35593220591545105,0.299322102237488
